{"capture_base":"EALZtciYP_Tn97BFilKL3C8ofMxF-xrswDmU9NC4CP9M","digest":"E5v2clKbavN57XXb7V-SvJD_tCAdUdMSc8MYom0ndTbM","type":"spec/overlays/label/1.0","language":"en","attribute_labels":{"collect_date":"","collect_time":"","date_in":"","date_out":"","duration":"","farm":"","final_mass":"","initial_mass":"","latitude":"","longitude":"","moisture":"","paddock_id":"","sample_id":"","sample_type":"","samplers":"","temperature":"","time_in":"","time_out":""},"attribute_categories":[],"category_labels":{}}