{"type":"spec/capture_base/1.0","digest":"EALZtciYP_Tn97BFilKL3C8ofMxF-xrswDmU9NC4CP9M","classification":"RDF401","attributes":{"collect_date":"DateTime","collect_time":"DateTime","date_in":"DateTime","date_out":"DateTime","duration":"DateTime","farm":"Text","final_mass":"Numeric","initial_mass":"Numeric","latitude":"Text","longitude":"Text","moisture":"Numeric","paddock_id":"Numeric","sample_id":"Text","sample_type":"Text","samplers":"Array[Text]","temperature":"Numeric","time_in":"DateTime","time_out":"DateTime"},"flagged_attributes":["farm","latitude","longitude","samplers"]}