{"capture_base":"EALZtciYP_Tn97BFilKL3C8ofMxF-xrswDmU9NC4CP9M","digest":"EqeGGeyA_Z4-MIGXrdYpBpky5f6XCJn1XNRK3pHRqzlg","type":"spec/overlays/format/1.0","attribute_formats":{"collect_date":"^(\\d{4})-(0[1-9]|1[0-2])-(0[1-9]|[12]\\d|3[01])$","collect_time":"^([01]\\d|2[0-3]):([0-5]\\d):([0-5]\\d)$","date_in":"^(\\d{4})-(0[1-9]|1[0-2])-(0[1-9]|[12]\\d|3[01])$","date_out":"^(\\d{4})-(0[1-9]|1[0-2])-(0[1-9]|[12]\\d|3[01])$","duration":"^P(?!$)((\\d+Y)|(\\d+\\.\\d+Y))?((\\d+M)|(\\d+\\.\\d+M))?((\\d+W)|(\\d+\\.\\d+W))?((\\d+D)|(\\d+\\.\\d+D))?(T(?=\\d)((\\d+H)|(\\d+\\.\\d+H))?((\\d+M)|(\\d+\\.\\d+M))?(\\d+(\\.\\d+)?S)?)?$","farm":"^[A-Z]*$","final_mass":"^[-+]?\\d*\\.?\\d+$","initial_mass":"^[-+]?\\d*\\.?\\d+$","moisture":"^[-+]?\\d*\\.?\\d+$","paddock_id":"^-?[0-9]+$","sample_id":"^.{0,250}$","sample_type":"^.{0,50}$","samplers":"^.{0,250}$","temperature":"^[-+]?\\d*\\.?\\d+$","time_in":"^([01]\\d|2[0-3]):([0-5]\\d):([0-5]\\d)$","time_out":"^([01]\\d|2[0-3]):([0-5]\\d):([0-5]\\d)$"}}