{"capture_base":"EALZtciYP_Tn97BFilKL3C8ofMxF-xrswDmU9NC4CP9M","digest":"EWbdH5fTs6PDkwjGN3JpW8kB1WGSu73VEe77hFoHq-JY","type":"spec/overlays/character_encoding/1.0","default_character_encoding":"utf-8","attribute_character_encoding":{"collect_date":"utf-8","collect_time":"utf-8","date_in":"utf-8","date_out":"utf-8","duration":"utf-8","farm":"utf-8","final_mass":"utf-8","initial_mass":"utf-8","latitude":"utf-8","longitude":"utf-8","moisture":"utf-8","paddock_id":"utf-8","sample_id":"utf-8","sample_type":"utf-8","samplers":"utf-8","temperature":"utf-8","time_in":"utf-8","time_out":"utf-8"}}