{
  "files": {
    "EALZtciYP_Tn97BFilKL3C8ofMxF-xrswDmU9NC4CP9M": {
      "cardinality": "EHwYQEnhhxdIEcX2qOHKepHWs5UapeXoN5Xmpx1gy2e8",
      "character_encoding": "EWbdH5fTs6PDkwjGN3JpW8kB1WGSu73VEe77hFoHq-JY",
      "conformance": "E0IURbDZk0bwQTtMTJVVuzk8ZW-0rQXv_yv1w6feRSGc",
      "entry (en)": "Ejs_hdLk8rmW4l0-RWZp7DR1j26k-UZfPfETko6x2agQ",
      "entry_code": "E01njgd7Lyp2UC83Wj5BK6cmBClg3jHIMFnPbB-4VCmg",
      "format": "EqeGGeyA_Z4-MIGXrdYpBpky5f6XCJn1XNRK3pHRqzlg",
      "information (en)": "E6M8hstaDkOFApSRKqKwind2h56salwxkpesOMF5AnGI",
      "label (en)": "E5v2clKbavN57XXb7V-SvJD_tCAdUdMSc8MYom0ndTbM",
      "meta (en)": "EXVnFBxzM8qatUMOCJbg8dK89f3BhB7RCggHzjaHQt_s",
      "unit": "EuLp7LOvXjBcfwplInBR3aM2Oa-7VY3wVP2y7ReSbvok"
    }
  },
  "root": "EALZtciYP_Tn97BFilKL3C8ofMxF-xrswDmU9NC4CP9M"
}